Fecha Comprobante,Producto / Servicio,Precio Unitario,Cantidad,Total,Tipo,Facturado Desde,Facturado Hasta,Condicion de Venta,Condicion de IVA,CUIT o DNI (Opcional),Email (Opcional)
01/09/26,"2 veces por semana"," $  65.000,00 ",1," $  65.000,00 ",SERVICIO,01/09/26,30/09/26,TRANSFERENCIA,CONSUMIDOR FINAL,,Sabrinadoval@hotmail.com
04/09/26,"2 veces por semana"," $  65.000,00 ",1," $  65.000,00 ",SERVICIO,01/09/26,30/09/26,TRANSFERENCIA,CONSUMIDOR FINAL,,vanesadgiudici@gmail.com
07/09/26,"3 veces por semana"," $  85.000,00 ",1," $  85.000,00 ",SERVICIO,01/09/26,30/09/26,TRANSFERENCIA,CONSUMIDOR FINAL,,tra2int@gmail.com
07/09/26,"2 veces por semana"," $  65.000,00 ",1," $  65.000,00 ",SERVICIO,01/09/26,30/09/26,TRANSFERENCIA,CONSUMIDOR FINAL,,geomingolo@gmail.com
07/09/26,"2 veces por semana"," $  65.000,00 ",1," $  65.000,00 ",SERVICIO,01/09/26,30/09/26,TRANSFERENCIA,CONSUMIDOR FINAL,,gracielatancredi@yahoo.com.ar
07/09/26,"3 veces por semana"," $  85.000,00 ",1," $  85.000,00 ",SERVICIO,01/09/26,30/09/26,TRANSFERENCIA,CONSUMIDOR FINAL,,agustinacalv@gmail.com
07/09/26,"3 veces por semana"," $  65.000,00 ",1," $  65.000,00 ",SERVICIO,01/09/26,30/09/26,TRANSFERENCIA,CONSUMIDOR FINAL,,santugiuff@gmail.com
07/09/26,"2 veces por semana"," $  65.000,00 ",1," $  65.000,00 ",SERVICIO,01/09/26,30/09/26,TRANSFERENCIA,CONSUMIDOR FINAL,,drgroso7729@gmail.com
07/09/26,"2 veces por semana"," $  65.000,00 ",1," $  65.000,00 ",SERVICIO,01/09/26,30/09/26,TRANSFERENCIA,CONSUMIDOR FINAL,,paulacrucitta@gmail.com
07/09/26,"3 veces por semana"," $  85.000,00 ",1," $  85.000,00 ",SERVICIO,01/09/26,30/09/26,TRANSFERENCIA,CONSUMIDOR FINAL,,yanina.r@hotmail.com.ar
07/09/26,"3 veces por semana"," $  85.000,00 ",1," $  85.000,00 ",SERVICIO,01/09/26,30/09/26,TRANSFERENCIA,CONSUMIDOR FINAL,,mariamacarena.vazquez@gmail.com
07/09/26,"2 veces por semana"," $  65.000,00 ",1," $  65.000,00 ",SERVICIO,01/09/26,30/09/26,TRANSFERENCIA,CONSUMIDOR FINAL,,rodriguez.emanuelc@gmail.com
07/09/26,"3 veces por semana"," $  85.000,00 ",1," $  85.000,00 ",SERVICIO,01/09/26,30/09/26,TRANSFERENCIA,CONSUMIDOR FINAL,,cristiann.91@hotmail.com
07/09/26,"5 veces por semana"," $  135.000,00 ",1," $  135.000,00 ",SERVICIO,01/09/26,30/09/26,TRANSFERENCIA,CONSUMIDOR FINAL,,nmbarba@gmail.com
07/09/26,"2 veces por semana"," $  65.000,00 ",1," $  65.000,00 ",SERVICIO,01/09/26,30/09/26,TRANSFERENCIA,CONSUMIDOR FINAL,,aquino_diego@hotmail.com
07/09/26,"2 veces por semana"," $  65.000,00 ",1," $  65.000,00 ",SERVICIO,01/09/26,30/09/26,TRANSFERENCIA,CONSUMIDOR FINAL,,SinMail@hotmail.com
07/09/26,"2 veces por semana"," $  65.000,00 ",1," $  65.000,00 ",SERVICIO,01/09/26,30/09/26,TRANSFERENCIA,CONSUMIDOR FINAL,,cristinaordonez51@gmail.com
07/09/26,"2 veces por semana"," $  65.000,00 ",1," $  65.000,00 ",SERVICIO,01/09/26,30/09/26,TRANSFERENCIA,CONSUMIDOR FINAL,,flor.fortunato94@gmail.com
07/09/26,"3 veces por semana"," $  85.000,00 ",1," $  85.000,00 ",SERVICIO,01/09/26,30/09/26,TRANSFERENCIA,CONSUMIDOR FINAL,,jesicacarruega@gmail.com
07/09/26,"2 veces por semana"," $  65.000,00 ",1," $  65.000,00 ",SERVICIO,01/09/26,30/09/26,TRANSFERENCIA,CONSUMIDOR FINAL,,marinaceciliavillamayor@gmail.com
07/09/26,"2 veces por semana"," $  65.000,00 ",1," $  65.000,00 ",SERVICIO,01/09/26,30/09/26,TRANSFERENCIA,CONSUMIDOR FINAL,,paulavsartori@gmail.com
07/09/26,"3 veces por semana"," $  85.000,00 ",1," $  85.000,00 ",SERVICIO,01/09/26,30/09/26,TRANSFERENCIA,CONSUMIDOR FINAL,,lubualy@gmail.com
07/09/26,"2 veces por semana"," $  65.000,00 ",1," $  65.000,00 ",SERVICIO,01/09/26,30/09/26,TRANSFERENCIA,CONSUMIDOR FINAL,,fabriciocamero@gmail.com
07/09/26,"2 veces por semana"," $  65.000,00 ",1," $  65.000,00 ",SERVICIO,01/09/26,30/09/26,TRANSFERENCIA,CONSUMIDOR FINAL,,losminioms@gmail.com
07/09/26,"4 veces por semana"," $  115.000,00 ",1," $  115.000,00 ",SERVICIO,01/09/26,30/09/26,TRANSFERENCIA,CONSUMIDOR FINAL,,german_lloret@hotmail.com
07/09/26,"2 veces por semana"," $  65.000,00 ",1," $  65.000,00 ",SERVICIO,01/09/26,30/09/26,TRANSFERENCIA,CONSUMIDOR FINAL,,franjmoyano@gmail.com
07/09/26,"3 veces por semana"," $  85.000,00 ",1," $  85.000,00 ",SERVICIO,01/09/26,30/09/26,TRANSFERENCIA,CONSUMIDOR FINAL,,Paula.marcote@gmail.com
07/09/26,"3 veces por semana"," $  85.000,00 ",1," $  85.000,00 ",SERVICIO,01/09/26,30/09/26,TRANSFERENCIA,CONSUMIDOR FINAL,,natigualadanza@gmail.com
07/09/26,"2 veces por semana"," $  65.000,00 ",1," $  65.000,00 ",SERVICIO,01/09/26,30/09/26,TRANSFERENCIA,CONSUMIDOR FINAL,,lia.lattanzio@yahoo.com
07/09/26,"2 veces por semana"," $  65.000,00 ",1," $  65.000,00 ",SERVICIO,01/09/26,30/09/26,TRANSFERENCIA,CONSUMIDOR FINAL,,marce_coria@hotmail.com
07/09/26,"2 veces por semana"," $  65.000,00 ",1," $  65.000,00 ",SERVICIO,01/09/26,30/09/26,TRANSFERENCIA,CONSUMIDOR FINAL,,tomasezequieldr@gmail.com
07/09/26,"3 veces por semana"," $  65.000,00 ",1," $  65.000,00 ",SERVICIO,01/09/26,30/09/26,TRANSFERENCIA,CONSUMIDOR FINAL,,anahinarvaezch@gmail.com
07/09/26,"3 veces por semana"," $  85.000,00 ",1," $  85.000,00 ",SERVICIO,01/09/26,30/09/26,TRANSFERENCIA,CONSUMIDOR FINAL,,zorizeri@gmail.com
07/09/26,"3 veces por semana"," $  85.000,00 ",1," $  85.000,00 ",SERVICIO,01/09/26,30/09/26,TRANSFERENCIA,CONSUMIDOR FINAL,,lolagl1126@gmail.com
07/09/26,"2 veces por semana"," $  65.000,00 ",1," $  65.000,00 ",SERVICIO,01/09/26,30/09/26,TRANSFERENCIA,CONSUMIDOR FINAL,,micaelaperezmoreno@gmail.com
07/09/26,"2 veces por semana"," $  65.000,00 ",1," $  65.000,00 ",SERVICIO,01/09/26,30/09/26,TRANSFERENCIA,CONSUMIDOR FINAL,,alexander_delfino@yahoo.com.ar
07/09/26,"2 veces por semana"," $  65.000,00 ",1," $  65.000,00 ",SERVICIO,01/09/26,30/09/26,TRANSFERENCIA,CONSUMIDOR FINAL,,betiferrari@yahoo.com.ar
07/09/26,"3 veces por semana"," $  85.000,00 ",1," $  85.000,00 ",SERVICIO,01/09/26,30/09/26,TRANSFERENCIA,CONSUMIDOR FINAL,,guadaugarte99@gmail.com
07/09/26,"4 veces por semana"," $  115.000,00 ",1," $  115.000,00 ",SERVICIO,01/09/26,30/09/26,TRANSFERENCIA,CONSUMIDOR FINAL,,mpannace@hotmail.com
07/09/26,"3 veces por semana"," $  85.000,00 ",1," $  85.000,00 ",SERVICIO,01/09/26,30/09/26,TRANSFERENCIA,CONSUMIDOR FINAL,,miicaasenjo@gmail.com
07/09/26,"3 veces por semana"," $  85.000,00 ",1," $  85.000,00 ",SERVICIO,01/09/26,30/09/26,TRANSFERENCIA,CONSUMIDOR FINAL,,belen.castillo1@hotmail.com
07/09/26,"2 veces por semana"," $  65.000,00 ",1," $  65.000,00 ",SERVICIO,01/09/26,30/09/26,TRANSFERENCIA,CONSUMIDOR FINAL,,mariadnarp@gmail.com
07/09/26,"2 veces por semana"," $  65.000,00 ",1," $  65.000,00 ",SERVICIO,01/09/26,30/09/26,TRANSFERENCIA,CONSUMIDOR FINAL,,martinarugarte@gmail.com
07/09/26,"3 veces por semana"," $  85.000,00 ",1," $  85.000,00 ",SERVICIO,01/09/26,30/09/26,TRANSFERENCIA,CONSUMIDOR FINAL,,fercarbajalesparra@gmail.com
07/09/26,"2 veces por semana"," $  65.000,00 ",1," $  65.000,00 ",SERVICIO,01/09/26,30/09/26,TRANSFERENCIA,CONSUMIDOR FINAL,,ximenavarela22@gmail.com
07/09/26,"2 veces por semana"," $  65.000,00 ",1," $  65.000,00 ",SERVICIO,01/09/26,30/09/26,TRANSFERENCIA,CONSUMIDOR FINAL,,daniraso@hotmail.com
07/09/26,"2 veces por semana"," $  65.000,00 ",1," $  65.000,00 ",SERVICIO,01/09/26,30/09/26,TRANSFERENCIA,CONSUMIDOR FINAL,,msantostefano@gmail.com
07/09/26,"2 veces por semana"," $  65.000,00 ",1," $  65.000,00 ",SERVICIO,01/09/26,30/09/26,TRANSFERENCIA,CONSUMIDOR FINAL,,marianag05@gmail.com
07/09/26,"3 veces por semana"," $  85.000,00 ",1," $  85.000,00 ",SERVICIO,01/09/26,30/09/26,TRANSFERENCIA,CONSUMIDOR FINAL,,beatriz.miguez10@gmail.com
07/09/26,"2 veces por semana"," $  65.000,00 ",1," $  65.000,00 ",SERVICIO,01/09/26,30/09/26,TRANSFERENCIA,CONSUMIDOR FINAL,,daniela.asereny@gmail.com
07/09/26,"3 veces por semana"," $  85.000,00 ",1," $  85.000,00 ",SERVICIO,01/09/26,30/09/26,TRANSFERENCIA,CONSUMIDOR FINAL,,mvictoriacartelli@gmail.com
07/09/26,"2 veces por semana"," $  65.000,00 ",1," $  65.000,00 ",SERVICIO,01/09/26,30/09/26,TRANSFERENCIA,CONSUMIDOR FINAL,,jpspfiem@gmail.com
07/09/26,"2 veces por semana"," $  65.000,00 ",1," $  65.000,00 ",SERVICIO,01/09/26,30/09/26,TRANSFERENCIA,CONSUMIDOR FINAL,,solpinazo@gmail.com
07/09/26,"2 veces por semana"," $  65.000,00 ",1," $  65.000,00 ",SERVICIO,01/09/26,30/09/26,TRANSFERENCIA,CONSUMIDOR FINAL,,ludmisabino@gmail.com
07/09/26,"2 veces por semana"," $  32.500,00 ",1," $  32.500,00 ",SERVICIO,01/09/26,30/09/26,TRANSFERENCIA,CONSUMIDOR FINAL,,panchomatavaca@gmail.com
07/09/26,"2 veces por semana"," $  65.000,00 ",1," $  65.000,00 ",SERVICIO,01/09/26,30/09/26,TRANSFERENCIA,CONSUMIDOR FINAL,,ceciliagandulfo@yahoo.com.ar
07/09/26,"2 veces por semana"," $  65.000,00 ",1," $  65.000,00 ",SERVICIO,01/09/26,30/09/26,TRANSFERENCIA,CONSUMIDOR FINAL,,noeliacasas83@gmail.com
07/09/26,"4 veces por semana"," $  115.000,00 ",1," $  115.000,00 ",SERVICIO,01/09/26,30/09/26,TRANSFERENCIA,CONSUMIDOR FINAL,,javiergarbini@gmail.com
07/09/26,"2 veces por semana"," $  35.000,00 ",1," $  35.000,00 ",SERVICIO,01/09/26,30/09/26,TRANSFERENCIA,CONSUMIDOR FINAL,,julietapattin@gmail.com
07/09/26,"2 veces por semana"," $  65.000,00 ",1," $  65.000,00 ",SERVICIO,01/09/26,30/09/26,TRANSFERENCIA,CONSUMIDOR FINAL,,Magalimphg@hotmail.com.ar
07/09/26,"3 veces por semana"," $  85.000,00 ",1," $  85.000,00 ",SERVICIO,01/09/26,30/09/26,TRANSFERENCIA,CONSUMIDOR FINAL,,palomazoebrusco@gmail.com
07/09/26,"3 veces por semana"," $  85.000,00 ",1," $  85.000,00 ",SERVICIO,01/09/26,30/09/26,TRANSFERENCIA,CONSUMIDOR FINAL,,julietaisla0@gmail.com
07/09/26,"2 veces por semana"," $  65.000,00 ",1," $  65.000,00 ",SERVICIO,01/09/26,30/09/26,TRANSFERENCIA,CONSUMIDOR FINAL,,aguslaraw@gmail.com
07/09/26,"3 veces por semana"," $  85.000,00 ",1," $  85.000,00 ",SERVICIO,01/09/26,30/09/26,TRANSFERENCIA,CONSUMIDOR FINAL,,almeidabren10@gmail.com
07/09/26,"2 veces por semana"," $  65.000,00 ",1," $  65.000,00 ",SERVICIO,01/09/26,30/09/26,TRANSFERENCIA,CONSUMIDOR FINAL,,angelesvaldez166@gmail.com
07/09/26,"2 veces por semana"," $  65.000,00 ",1," $  65.000,00 ",SERVICIO,01/09/26,30/09/26,TRANSFERENCIA,CONSUMIDOR FINAL,,tomascaruso99@gmail.com
07/09/26,"2 veces por semana"," $  65.000,00 ",1," $  65.000,00 ",SERVICIO,01/09/26,30/09/26,TRANSFERENCIA,CONSUMIDOR FINAL,,analia4566@gmail.com
07/09/26,"2 veces por semana"," $  65.000,00 ",1," $  65.000,00 ",SERVICIO,01/09/26,30/09/26,TRANSFERENCIA,CONSUMIDOR FINAL,,belensol1@gmail.com
07/09/26,"2 veces por semana"," $  65.000,00 ",1," $  65.000,00 ",SERVICIO,01/09/26,30/09/26,TRANSFERENCIA,CONSUMIDOR FINAL,,vanesavanetin@gmail.com
08/09/26,"3 veces por semana"," $  85.000,00 ",1," $  85.000,00 ",SERVICIO,01/09/26,30/09/26,TRANSFERENCIA,CONSUMIDOR FINAL,,camilagarbarino@hotmail.com
08/09/26,"3 veces por semana"," $  85.000,00 ",1," $  85.000,00 ",SERVICIO,01/09/26,30/09/26,TRANSFERENCIA,CONSUMIDOR FINAL,,eugeniabarnachea@gmail.com
08/09/26,"3 veces por semana"," $  85.000,00 ",1," $  85.000,00 ",SERVICIO,01/09/26,30/09/26,TRANSFERENCIA,CONSUMIDOR FINAL,,consmflores@gmail.com
08/09/26,"3 veces por semana"," $  85.000,00 ",1," $  85.000,00 ",SERVICIO,01/09/26,30/09/26,TRANSFERENCIA,CONSUMIDOR FINAL,,damiansagas@gmail.com
08/09/26,"5 veces por semana"," $  65.000,00 ",1," $  65.000,00 ",SERVICIO,01/09/26,30/09/26,TRANSFERENCIA,CONSUMIDOR FINAL,,imresta@gmail.com
08/09/26,"2 veces por semana"," $  65.000,00 ",1," $  65.000,00 ",SERVICIO,01/09/26,30/09/26,TRANSFERENCIA,CONSUMIDOR FINAL,,arodriguezrenda@hotmail.com
09/09/26,"2 veces por semana"," $  65.000,00 ",1," $  65.000,00 ",SERVICIO,01/09/26,30/09/26,TRANSFERENCIA,CONSUMIDOR FINAL,,analiatejada97@gmail.com
09/09/26,"2 veces por semana"," $  65.000,00 ",1," $  65.000,00 ",SERVICIO,01/09/26,30/09/26,TRANSFERENCIA,CONSUMIDOR FINAL,,juanaotero2901@gmail.com
12/09/26,"3 veces por semana"," $  85.000,00 ",1," $  85.000,00 ",SERVICIO,01/09/26,30/09/26,TRANSFERENCIA,CONSUMIDOR FINAL,,dianaag2014@gmail.com
09/09/26,"3 veces por semana"," $  70.000,00 ",1," $  70.000,00 ",SERVICIO,01/09/26,30/09/26,TRANSFERENCIA,CONSUMIDOR FINAL,,exequielrosas_yo@hotmail.com
09/09/26,"3 veces por semana"," $  85.000,00 ",1," $  85.000,00 ",SERVICIO,01/09/26,30/09/26,TRANSFERENCIA,CONSUMIDOR FINAL,,mbarberis2002@gmail.com
09/09/26,"2 veces por semana"," $  65.000,00 ",1," $  65.000,00 ",SERVICIO,01/09/26,30/09/26,TRANSFERENCIA,CONSUMIDOR FINAL,,jpbarbarulo2009@gmail.com
09/09/26,"3 veces por semana"," $  85.000,00 ",1," $  85.000,00 ",SERVICIO,01/09/26,30/09/26,TRANSFERENCIA,CONSUMIDOR FINAL,,santii.sanguinetti@gmail.com
09/09/26,"3 veces por semana"," $  85.000,00 ",1," $  85.000,00 ",SERVICIO,01/09/26,30/09/26,TRANSFERENCIA,CONSUMIDOR FINAL,,agos.ariola@hotmail.com.ar
09/09/26,"2 veces por semana"," $  65.000,00 ",1," $  65.000,00 ",SERVICIO,01/09/26,30/09/26,TRANSFERENCIA,CONSUMIDOR FINAL,,sabrina.castillo2506@gmail.com
09/09/26,"2 veces por semana"," $  65.000,00 ",1," $  65.000,00 ",SERVICIO,01/09/26,30/09/26,TRANSFERENCIA,CONSUMIDOR FINAL,,jorgeicastanon@yahoo.com.ar
09/09/26,"3 veces por semana"," $  85.000,00 ",1," $  85.000,00 ",SERVICIO,01/09/26,30/09/26,TRANSFERENCIA,CONSUMIDOR FINAL,,lautydube@gmail.com
09/09/26,"2 veces por semana"," $  65.000,00 ",1," $  65.000,00 ",SERVICIO,01/09/26,30/09/26,TRANSFERENCIA,CONSUMIDOR FINAL,,martindamianm@hotmail.com
09/09/26,"4 veces por semana"," $  85.000,00 ",1," $  85.000,00 ",SERVICIO,01/09/26,30/09/26,TRANSFERENCIA,CONSUMIDOR FINAL,,valennaloonso@gmail.com
10/09/26,"2 veces por semana"," $  65.000,00 ",1," $  65.000,00 ",SERVICIO,01/09/26,30/09/26,TRANSFERENCIA,CONSUMIDOR FINAL,,hernan@accesspower.com.ar
10/09/26,"5 veces por semana"," $  65.000,00 ",1," $  65.000,00 ",SERVICIO,01/09/26,30/09/26,TRANSFERENCIA,CONSUMIDOR FINAL,,ivaasenjo@gmail.com
10/09/26,"3 veces por semana"," $  85.000,00 ",1," $  85.000,00 ",SERVICIO,01/09/26,30/09/26,TRANSFERENCIA,CONSUMIDOR FINAL,,paola@accesspower.com.ar
10/09/26,"5 veces por semana"," $  135.000,00 ",1," $  135.000,00 ",SERVICIO,01/09/26,30/09/26,TRANSFERENCIA,CONSUMIDOR FINAL,,romanignacio1@gmail.com
10/09/26,"3 veces por semana"," $  65.000,00 ",1," $  65.000,00 ",SERVICIO,01/09/26,30/09/26,TRANSFERENCIA,CONSUMIDOR FINAL,,carlosgsagala@gmail.com
10/09/26,"2 veces por semana"," $  65.000,00 ",1," $  65.000,00 ",SERVICIO,01/09/26,30/09/26,TRANSFERENCIA,CONSUMIDOR FINAL,,sergio_boero@hotmail.com
12/09/26,"5 veces por semana"," $  135.000,00 ",1," $  135.000,00 ",SERVICIO,01/09/26,30/09/26,TRANSFERENCIA,CONSUMIDOR FINAL,,meelgaleano@hotmail.com
12/09/26,"2 veces por semana"," $  65.000,00 ",1," $  65.000,00 ",SERVICIO,01/09/26,30/09/26,TRANSFERENCIA,CONSUMIDOR FINAL,,isabellaiannini04@gmail.com
12/09/26,"3 veces por semana"," $  65.000,00 ",1," $  65.000,00 ",SERVICIO,01/09/26,30/09/26,TRANSFERENCIA,CONSUMIDOR FINAL,,giulianaiannini32@gmail.com
12/09/26,"5 veces por semana"," $  135.000,00 ",1," $  135.000,00 ",SERVICIO,01/09/26,30/09/26,TRANSFERENCIA,CONSUMIDOR FINAL,,meelgaleano@hotmail.com
12/09/26,"2 veces por semana"," $  35.000,00 ",1," $  35.000,00 ",SERVICIO,01/09/26,30/09/26,TRANSFERENCIA,CONSUMIDOR FINAL,,luciacamilasartori@gmail.com
12/09/26,"2 veces por semana"," $  65.000,00 ",1," $  65.000,00 ",SERVICIO,01/09/26,30/09/26,TRANSFERENCIA,CONSUMIDOR FINAL,,flor.giannini@gmail.com
12/09/26,"2 veces por semana"," $  65.000,00 ",1," $  65.000,00 ",SERVICIO,01/09/26,30/09/26,TRANSFERENCIA,CONSUMIDOR FINAL,,noeliamabaez@gmail.com
12/09/26,"2 veces por semana"," $  65.000,00 ",1," $  65.000,00 ",SERVICIO,01/09/26,30/09/26,TRANSFERENCIA,CONSUMIDOR FINAL,,valentinamirandagaray@gmail.com
12/09/26,"3 veces por semana"," $  85.000,00 ",1," $  85.000,00 ",SERVICIO,01/09/26,30/09/26,TRANSFERENCIA,CONSUMIDOR FINAL,,coresmirko@gmail.com
12/09/26,"2 veces por semana"," $  65.000,00 ",1," $  65.000,00 ",SERVICIO,01/09/26,30/09/26,TRANSFERENCIA,CONSUMIDOR FINAL,,mari_rabellino@hotmail.com
14/09/26,"3 veces por semana"," $  85.000,00 ",1," $  85.000,00 ",SERVICIO,01/09/26,30/09/26,TRANSFERENCIA,CONSUMIDOR FINAL,,ines.bonini@gmail.com
14/09/26,"3 veces por semana"," $  95.000,00 ",1," $  95.000,00 ",SERVICIO,01/09/26,30/09/26,TRANSFERENCIA,CONSUMIDOR FINAL,,lulaagr@gmail.com
14/09/26,"3 veces por semana"," $  42.500,00 ",1," $  42.500,00 ",SERVICIO,01/09/26,30/09/26,TRANSFERENCIA,CONSUMIDOR FINAL,,antonellagranara@gmail.com
15/09/26,"2 veces por semana"," $  65.000,00 ",1," $  65.000,00 ",SERVICIO,01/09/26,30/09/26,TRANSFERENCIA,CONSUMIDOR FINAL,,luistomas.nz@gmail.com
16/09/26,"3 veces por semana"," $  65.000,00 ",1," $  65.000,00 ",SERVICIO,01/09/26,30/09/26,TRANSFERENCIA,CONSUMIDOR FINAL,,floreenciagonzalez@gmail.com
17/09/26,"3 veces por semana"," $  85.000,00 ",1," $  85.000,00 ",SERVICIO,01/09/26,30/09/26,TRANSFERENCIA,CONSUMIDOR FINAL,,martinalejandrofiorenza@gmail.com
17/09/26,"3 veces por semana"," $  55.000,00 ",1," $  55.000,00 ",SERVICIO,01/09/26,30/09/26,TRANSFERENCIA,CONSUMIDOR FINAL,,peinando.colores@gmail.com
21/09/26,"5 veces por semana"," $  135.000,00 ",1," $  135.000,00 ",SERVICIO,01/09/26,30/09/26,TRANSFERENCIA,CONSUMIDOR FINAL,,bianmore22@gmail.com
21/09/26,"2 veces por semana"," $  65.000,00 ",1," $  65.000,00 ",SERVICIO,01/09/26,30/09/26,TRANSFERENCIA,CONSUMIDOR FINAL,,baquerinmili@gmail.com
28/09/26,"5 veces por semana"," $  50.000,00 ",1," $  50.000,00 ",SERVICIO,01/09/26,30/09/26,TRANSFERENCIA,CONSUMIDOR FINAL,,pipmasajes@gmail.com